,website_paths
0,/us/en/district-of-columbia/washington-dc/restaurant/hitching-post
1,/us/en/district-of-columbia/washington-dc/restaurant/timber-pizza-co
2,/us/en/district-of-columbia/washington-dc/restaurant/menya-hosaki
3,/us/en/district-of-columbia/washington-dc/restaurant/honeymoon-chicken
4,/us/en/district-of-columbia/washington-dc/restaurant/tsehay
5,/us/en/district-of-columbia/washington-dc/restaurant/taqueria-habanero
6,/us/en/district-of-columbia/washington-dc/restaurant/gravitas
7,/us/en/district-of-columbia/washington-dc/restaurant/ivy-city-smokehouse
8,/us/en/district-of-columbia/washington-dc/restaurant/queen’s-english
9,/us/en/district-of-columbia/washington-dc/restaurant/makan
10,/us/en/district-of-columbia/washington-dc/restaurant/thip-khao
11,/us/en/district-of-columbia/washington-dc/restaurant/bad-saint
12,/us/en/district-of-columbia/washington-dc/restaurant/sfoglina
13,/us/en/district-of-columbia/washington-dc/restaurant/elle
14,/us/en/district-of-columbia/washington-dc/restaurant/masseria
15,/us/en/district-of-columbia/washington-dc/restaurant/rappahannock-oyster-bar
16,/us/en/district-of-columbia/washington-dc/restaurant/bidwell
17,/us/en/district-of-columbia/washington-dc/restaurant/elcielo-d-c
18,/us/en/district-of-columbia/washington-dc/restaurant/the-red-hen
19,/us/en/district-of-columbia/washington-dc/restaurant/stellina-pizzeria
20,/us/en/district-of-columbia/washington-dc/restaurant/hitching-post
21,/us/en/district-of-columbia/washington-dc/restaurant/timber-pizza-co
22,/us/en/district-of-columbia/washington-dc/restaurant/menya-hosaki
23,/us/en/district-of-columbia/washington-dc/restaurant/honeymoon-chicken
24,/us/en/district-of-columbia/washington-dc/restaurant/tsehay
25,/us/en/district-of-columbia/washington-dc/restaurant/taqueria-habanero
26,/us/en/district-of-columbia/washington-dc/restaurant/gravitas
27,/us/en/district-of-columbia/washington-dc/restaurant/ivy-city-smokehouse
28,/us/en/district-of-columbia/washington-dc/restaurant/queen’s-english
29,/us/en/district-of-columbia/washington-dc/restaurant/makan
30,/us/en/district-of-columbia/washington-dc/restaurant/thip-khao
31,/us/en/district-of-columbia/washington-dc/restaurant/bad-saint
32,/us/en/district-of-columbia/washington-dc/restaurant/sfoglina
33,/us/en/district-of-columbia/washington-dc/restaurant/elle
34,/us/en/district-of-columbia/washington-dc/restaurant/masseria
35,/us/en/district-of-columbia/washington-dc/restaurant/rappahannock-oyster-bar
36,/us/en/district-of-columbia/washington-dc/restaurant/bidwell
37,/us/en/district-of-columbia/washington-dc/restaurant/elcielo-d-c
38,/us/en/district-of-columbia/washington-dc/restaurant/the-red-hen
39,/us/en/district-of-columbia/washington-dc/restaurant/stellina-pizzeria
40,/us/en/district-of-columbia/washington-dc/restaurant/daru
41,/us/en/district-of-columbia/washington-dc/restaurant/federalist-pig
42,/us/en/district-of-columbia/washington-dc/restaurant/sababa
43,/us/en/district-of-columbia/washington-dc/restaurant/thai-x-ing
44,/us/en/district-of-columbia/washington-dc/restaurant/rooster-owl
45,/us/en/district-of-columbia/washington-dc/restaurant/royal
46,/us/en/district-of-columbia/washington-dc/restaurant/maketto
47,/us/en/district-of-columbia/washington-dc/restaurant/maydan
48,/us/en/district-of-columbia/washington-dc/restaurant/toki-underground
49,/us/en/district-of-columbia/washington-dc/restaurant/seven-reasons
50,/us/en/district-of-columbia/washington-dc/restaurant/reveler-s-hour
51,/us/en/district-of-columbia/washington-dc/restaurant/tail-up-goat
52,/us/en/district-of-columbia/washington-dc/restaurant/fancy-radish
53,/us/en/district-of-columbia/washington-dc/restaurant/laos-in-town
54,/us/en/district-of-columbia/washington-dc/restaurant/indigo
55,/us/en/district-of-columbia/washington-dc/restaurant/zenebech
56,/us/en/district-of-columbia/washington-dc/restaurant/bresca
57,/us/en/district-of-columbia/washington-dc/restaurant/jont
58,/us/en/district-of-columbia/washington-dc/restaurant/lupo-verde
59,/us/en/district-of-columbia/washington-dc/restaurant/lapis
60,/us/en/district-of-columbia/washington-dc/restaurant/cane
61,/us/en/district-of-columbia/washington-dc/restaurant/doi-moi
62,/us/en/district-of-columbia/washington-dc/restaurant/el-secreto-de-rosita
63,/us/en/district-of-columbia/washington-dc/restaurant/oyster-oyster
64,/us/en/district-of-columbia/washington-dc/restaurant/chaplin-s
65,/us/en/district-of-columbia/washington-dc/restaurant/millie-s
66,/us/en/district-of-columbia/washington-dc/restaurant/family-ethiopian
67,/us/en/district-of-columbia/washington-dc/restaurant/convivial
68,/us/en/district-of-columbia/washington-dc/restaurant/the-imperial
69,/us/en/district-of-columbia/washington-dc/restaurant/keren
70,/us/en/district-of-columbia/washington-dc/restaurant/chercher
71,/us/en/district-of-columbia/washington-dc/restaurant/pearl-dive-oyster-palace
72,/us/en/district-of-columbia/washington-dc/restaurant/san-lorenzo1160145
73,/us/en/district-of-columbia/washington-dc/restaurant/sushi-ogawa
74,/us/en/district-of-columbia/washington-dc/restaurant/tiger-fork
75,/us/en/district-of-columbia/washington-dc/restaurant/unconventional-diner
76,/us/en/district-of-columbia/washington-dc/restaurant/the-dabney
77,/us/en/district-of-columbia/washington-dc/restaurant/anju
78,/us/en/district-of-columbia/washington-dc/restaurant/rumi-s-kitchen
79,/us/en/district-of-columbia/washington-dc/restaurant/ottoman-taverna
80,/us/en/district-of-columbia/washington-dc/restaurant/dlena
81,/us/en/district-of-columbia/washington-dc/restaurant/metier
82,/us/en/district-of-columbia/washington-dc/restaurant/supra
83,/us/en/district-of-columbia/washington-dc/restaurant/hank-s-oyster-bar
84,/us/en/district-of-columbia/washington-dc/restaurant/kinship
85,/us/en/district-of-columbia/washington-dc/restaurant/maiz64
86,/us/en/district-of-columbia/washington-dc/restaurant/l’ardente
87,/us/en/district-of-columbia/washington-dc/restaurant/astoria-dc
88,/us/en/district-of-columbia/washington-dc/restaurant/sushi-taro
89,/us/en/district-of-columbia/washington-dc/restaurant/karma-modern-indian
90,/us/en/district-of-columbia/washington-dc/restaurant/annabelle
91,/us/en/district-of-columbia/washington-dc/restaurant/the-pembroke
92,/us/en/district-of-columbia/washington-dc/restaurant/bar-chinois
93,/us/en/district-of-columbia/washington-dc/restaurant/estuary
94,/us/en/district-of-columbia/washington-dc/restaurant/tonari
95,/us/en/district-of-columbia/washington-dc/restaurant/michele-s
96,/us/en/district-of-columbia/washington-dc/restaurant/residents-cafe-bar
97,/us/en/district-of-columbia/washington-dc/restaurant/dauphine-s
98,/us/en/district-of-columbia/washington-dc/restaurant/obelisk
99,/us/en/district-of-columbia/washington-dc/restaurant/cranes
100,/us/en/district-of-columbia/washington-dc/restaurant/philotimo
101,/us/en/district-of-columbia/washington-dc/restaurant/shoto
102,/us/en/district-of-columbia/washington-dc/restaurant/zaytinya
103,/us/en/district-of-columbia/washington-dc/restaurant/ala
104,/us/en/district-of-columbia/washington-dc/restaurant/xiquet
105,/us/en/district-of-columbia/washington-dc/restaurant/joselito-s-casa-de-comidas
106,/us/en/district-of-columbia/washington-dc/restaurant/cafe-riggs
107,/us/en/district-of-columbia/washington-dc/restaurant/little-pearl
108,/us/en/district-of-columbia/washington-dc/restaurant/georgia-brown’s
109,/us/en/district-of-columbia/washington-dc/restaurant/sonoma
110,/us/en/district-of-columbia/washington-dc/restaurant/jaleo
111,/us/en/district-of-columbia/washington-dc/restaurant/china-chilcano
112,/us/en/district-of-columbia/washington-dc/restaurant/minibar
113,/us/en/district-of-columbia/washington-dc/restaurant/rasika
114,/us/en/district-of-columbia/washington-dc/restaurant/oyamel
115,/us/en/district-of-columbia/washington-dc/restaurant/swahili-village
116,/us/en/district-of-columbia/washington-dc/restaurant/the-partisan
117,/us/en/district-of-columbia/washington-dc/restaurant/ambar
118,/us/en/district-of-columbia/washington-dc/restaurant/fiola
119,/us/en/district-of-columbia/washington-dc/restaurant/bombay-club
120,/us/en/district-of-columbia/washington-dc/restaurant/apero
121,/us/en/district-of-columbia/washington-dc/restaurant/punjab-grill
122,/us/en/district-of-columbia/washington-dc/restaurant/pineapple-and-pearls
123,/us/en/district-of-columbia/washington-dc/restaurant/rose-s-luxury
124,/us/en/district-of-columbia/washington-dc/restaurant/la-bise
125,/us/en/district-of-columbia/washington-dc/restaurant/sushi-nakazawa1160153
126,/us/en/district-of-columbia/washington-dc/restaurant/blue-duck-tavern
127,/us/en/district-of-columbia/washington-dc/restaurant/ris
128,/us/en/district-of-columbia/washington-dc/restaurant/imperfecto-the-chef-s-table
129,/us/en/district-of-columbia/washington-dc/restaurant/marcel-s
130,/us/en/district-of-columbia/washington-dc/restaurant/lutece
131,/us/en/district-of-columbia/washington-dc/restaurant/the-setting
132,/us/en/district-of-columbia/washington-dc/restaurant/das
133,/us/en/district-of-columbia/washington-dc/restaurant/chloe
134,/us/en/district-of-columbia/washington-dc/restaurant/reverie
135,/us/en/district-of-columbia/washington-dc/restaurant/fiola-mare
136,/us/en/district-of-columbia/washington-dc/restaurant/albi
137,/us/en/district-of-columbia/washington-dc/restaurant/bammy-s
138,/us/en/district-of-columbia/washington-dc/restaurant/shilling-canning-company
139,/us/en/district-of-columbia/washington-dc/restaurant/1789
140,/us/en/district-of-columbia/washington-dc/restaurant/blacksalt
141,/us/en/district-of-columbia/washington-dc/restaurant/officina
142,/us/en/district-of-columbia/washington-dc/restaurant/moon-rabbit
143,/us/en/district-of-columbia/washington-dc/restaurant/del-mar
144,/us/en/district-of-columbia/washington-dc/restaurant/kaliwa
145,/us/en/new-york-state/new-york/restaurant/angelina-s
146,/us/en/new-york-state/new-york/restaurant/giuliana-s
147,/us/en/new-york-state/new-york/restaurant/lakruwana
148,/us/en/new-york-state/new-york/restaurant/vinum
149,/us/en/new-york-state/new-york/restaurant/sagara
150,/us/en/new-york-state/new-york/restaurant/seppe-pizza-bar
151,/us/en/new-york-state/new-york/restaurant/enoteca-maria
152,/us/en/new-york-state/new-york/restaurant/georgian-cuisine
153,/us/en/new-york-state/new-york/restaurant/tanoreen
154,/us/en/new-york-state/new-york/restaurant/east-harbor-seafood-palace
155,/us/en/new-york-state/new-york/restaurant/bamboo-garden
156,/us/en/new-york-state/new-york/restaurant/chuan-tian-xia
157,/us/en/new-york-state/new-york/restaurant/mtskheta-cafe
158,/us/en/new-york-state/new-york/restaurant/hometown-bar-b-que
159,/us/en/new-york-state/new-york/restaurant/red-hook-tavern
160,/us/en/new-york-state/new-york/restaurant/gigino-at-wagner-park
161,/us/en/new-york-state/new-york/restaurant/chikarashi-isso
162,/us/en/new-york-state/new-york/restaurant/buttermilk-channel
163,/us/en/new-york-state/new-york/restaurant/schilling
164,/us/en/new-york-state/new-york/restaurant/l-appart
165,/us/en/new-york-state/new-york/restaurant/popina
166,/us/en/new-york-state/new-york/restaurant/ugly-baby
167,/us/en/new-york-state/new-york/restaurant/crown-shy
168,/us/en/new-york-state/new-york/restaurant/saga
169,/us/en/new-york-state/new-york/restaurant/manhatta
170,/us/en/new-york-state/new-york/restaurant/cut-by-wolfgang-puck
171,/us/en/new-york-state/new-york/restaurant/village-cafe
172,/us/en/new-york-state/new-york/restaurant/little-park
173,/us/en/new-york-state/new-york/restaurant/la-vara
174,/us/en/new-york-state/new-york/restaurant/marc-forgione
175,/us/en/new-york-state/new-york/restaurant/saint-julivert-fisherie
176,/us/en/new-york-state/new-york/restaurant/khe-yo
177,/us/en/new-york-state/new-york/restaurant/locanda-verde
178,/us/en/new-york-state/new-york/restaurant/jungsik
179,/us/en/new-york-state/new-york/restaurant/tiny-s
180,/us/en/new-york-state/new-york/restaurant/the-odeon
181,/us/en/new-york-state/new-york/restaurant/carne-mare
182,/us/en/new-york-state/new-york/restaurant/tamarind
183,/us/en/new-york-state/new-york/restaurant/winner
184,/us/en/new-york-state/new-york/restaurant/the-fulton
185,/us/en/new-york-state/new-york/restaurant/farra
186,/us/en/new-york-state/new-york/restaurant/atera
187,/us/en/new-york-state/new-york/restaurant/shoji-at-69-leonard
188,/us/en/new-york-state/new-york/restaurant/runner-stone
189,/us/en/new-york-state/new-york/restaurant/claro
190,/us/en/new-york-state/new-york/restaurant/houseman
191,/us/en/new-york-state/new-york/restaurant/frenchette
192,/us/en/new-york-state/new-york/restaurant/batard
193,/us/en/new-york-state/new-york/restaurant/sottocasa
194,/us/en/new-york-state/new-york/restaurant/pda-pizza
195,/us/en/new-york-state/new-york/restaurant/haenyeo
196,/us/en/new-york-state/new-york/restaurant/mile-end
197,/us/en/new-york-state/new-york/restaurant/vestry
198,/us/en/new-york-state/new-york/restaurant/mena
199,/us/en/new-york-state/new-york/restaurant/al-di-la
200,/us/en/new-york-state/new-york/restaurant/the-river-cafe
201,/us/en/new-york-state/new-york/restaurant/purple-yam
202,/us/en/new-york-state/new-york/restaurant/la-mercerie
203,/us/en/new-york-state/new-york/restaurant/sushi-katsuei
204,/us/en/new-york-state/new-york/restaurant/cafe-altro-paradiso
205,/us/en/new-york-state/new-york/restaurant/en-japanese-brasserie
206,/us/en/new-york-state/new-york/restaurant/the-clam
207,/us/en/new-york-state/new-york/restaurant/thai-so´n
208,/us/en/new-york-state/new-york/restaurant/jeju-noodle-bar
209,/us/en/new-york-state/new-york/restaurant/hirohisa
210,/us/en/new-york-state/new-york/restaurant/dim-sum-go-go
211,/us/en/new-york-state/new-york/restaurant/le-coucou
212,/us/en/new-york-state/new-york/restaurant/ciccio399639
213,/us/en/new-york-state/new-york/restaurant/wallse
214,/us/en/new-york-state/new-york/restaurant/golden-unicorn
215,/us/en/new-york-state/new-york/restaurant/the-commerce-inn
216,/us/en/new-york-state/new-york/restaurant/lola-taverna
217,/us/en/new-york-state/new-york/restaurant/great-n-y-noodletown
218,/us/en/new-york-state/new-york/restaurant/king
219,/us/en/new-york-state/new-york/restaurant/blue-ribbon
220,/us/en/new-york-state/new-york/restaurant/charlie-bird
221,/us/en/new-york-state/new-york/restaurant/nakaji
222,/us/en/new-york-state/new-york/restaurant/hwa-yuan
223,/us/en/new-york-state/new-york/restaurant/il-cortile
224,/us/en/new-york-state/new-york/restaurant/casa
225,/us/en/new-york-state/new-york/restaurant/cotenna
226,/us/en/new-york-state/new-york/restaurant/raoul-s
227,/us/en/new-york-state/new-york/restaurant/shuka
228,/us/en/new-york-state/new-york/restaurant/red-paper-clip
229,/us/en/new-york-state/new-york/restaurant/the-dutch
230,/us/en/new-york-state/new-york/restaurant/pinch-chinese
231,/us/en/new-york-state/new-york/restaurant/new-malaysia
232,/us/en/new-york-state/new-york/restaurant/sushi-nakazawa
233,/us/en/new-york-state/new-york/restaurant/shanghai-heping
234,/us/en/new-york-state/new-york/restaurant/i-sodi
235,/us/en/new-york-state/new-york/restaurant/l-artusi
236,/us/en/new-york-state/new-york/restaurant/berber-street-food
237,/us/en/new-york-state/new-york/restaurant/nami-nori
238,/us/en/new-york-state/new-york/restaurant/buvette
239,/us/en/new-york-state/new-york/restaurant/domodomo
240,/us/en/new-york-state/new-york/restaurant/gelso-grand
241,/us/en/new-york-state/new-york/restaurant/miss-lily-s
242,/us/en/new-york-state/new-york/restaurant/tomino
243,/us/en/new-york-state/new-york/restaurant/nyonya
244,/us/en/new-york-state/new-york/restaurant/232-bleecker
245,/us/en/new-york-state/new-york/restaurant/the-loyal
246,/us/en/new-york-state/new-york/restaurant/baker-co
247,/us/en/new-york-state/new-york/restaurant/pastis67390
248,/us/en/new-york-state/new-york/restaurant/via-carota
249,/us/en/new-york-state/new-york/restaurant/balaboosta
250,/us/en/new-york-state/new-york/restaurant/balthazar
251,/us/en/new-york-state/new-york/restaurant/zz-s-clam-bar
252,/us/en/new-york-state/new-york/restaurant/silver-apricot
253,/us/en/new-york-state/new-york/restaurant/lupa
254,/us/en/new-york-state/new-york/restaurant/pearl-oyster-bar
255,/us/en/new-york-state/new-york/restaurant/carbone
256,/us/en/new-york-state/new-york/restaurant/l-atelier-de-joel-robuchon562505
257,/us/en/new-york-state/new-york/restaurant/high-street-on-hudson
258,/us/en/new-york-state/new-york/restaurant/pasquale-jones
259,/us/en/new-york-state/new-york/restaurant/convivium-osteria
260,/us/en/new-york-state/new-york/restaurant/le-gigot
261,/us/en/new-york-state/new-york/restaurant/mary-s-fish-camp
262,/us/en/new-york-state/new-york/restaurant/minetta-tavern
263,/us/en/new-york-state/new-york/restaurant/thai-diner
264,/us/en/new-york-state/new-york/restaurant/les-trois-chevaux
265,/us/en/new-york-state/new-york/restaurant/shabushabu-mayumon
266,/us/en/new-york-state/new-york/restaurant/kimika
267,/us/en/new-york-state/new-york/restaurant/casa-bocado
268,/us/en/new-york-state/new-york/restaurant/rubirosa
269,/us/en/new-york-state/new-york/restaurant/wayan
270,/us/en/new-york-state/new-york/restaurant/sushi-zo
271,/us/en/new-york-state/new-york/restaurant/cervo-s
272,/us/en/new-york-state/new-york/restaurant/noz17
273,/us/en/new-york-state/new-york/restaurant/coarse
274,/us/en/new-york-state/new-york/restaurant/blue-hill
275,/us/en/new-york-state/new-york/restaurant/peasant
276,/us/en/new-york-state/new-york/restaurant/sofreh
277,/us/en/new-york-state/new-york/restaurant/jajaja
278,/us/en/new-york-state/new-york/restaurant/the-flower-shop
279,/us/en/new-york-state/new-york/restaurant/hao-noodle-and-tea
280,/us/en/new-york-state/new-york/restaurant/don-angie
281,/us/en/new-york-state/new-york/restaurant/babbo
282,/us/en/new-york-state/new-york/restaurant/4-charles-prime-rib
283,/us/en/new-york-state/new-york/restaurant/fausto
284,/us/en/new-york-state/new-york/restaurant/estela
285,/us/en/new-york-state/new-york/restaurant/cookshop
286,/us/en/new-york-state/new-york/restaurant/frevo
287,/us/en/new-york-state/new-york/restaurant/floret
288,/us/en/new-york-state/new-york/restaurant/emilio-s-ballato
289,/us/en/new-york-state/new-york/restaurant/kosaka
290,/us/en/new-york-state/new-york/restaurant/dirt-candy
291,/us/en/new-york-state/new-york/restaurant/the-musket-room
292,/us/en/new-york-state/new-york/restaurant/casa-apicii
293,/us/en/new-york-state/new-york/restaurant/james
294,/us/en/new-york-state/new-york/restaurant/forsythia
295,/us/en/new-york-state/new-york/restaurant/loring-place
296,/us/en/new-york-state/new-york/restaurant/congee-village
297,/us/en/new-york-state/new-york/restaurant/torien
298,/us/en/new-york-state/new-york/restaurant/fradei
299,/us/en/new-york-state/new-york/restaurant/wicked-jane
300,/us/en/new-york-state/new-york/restaurant/kubeh
301,/us/en/new-york-state/new-york/restaurant/atla
302,/us/en/new-york-state/new-york/restaurant/vinegar-hill-house
303,/us/en/new-york-state/new-york/restaurant/russ-daughters-cafe
304,/us/en/new-york-state/new-york/restaurant/chama-mama
305,/us/en/new-york-state/new-york/restaurant/ko
306,/us/en/new-york-state/new-york/restaurant/olmsted
307,/us/en/new-york-state/new-york/restaurant/contra
308,/us/en/new-york-state/new-york/restaurant/maison-yaki
309,/us/en/new-york-state/new-york/restaurant/kissaki
310,/us/en/new-york-state/new-york/restaurant/baar-baar
311,/us/en/new-york-state/new-york/restaurant/bar-primi
312,/us/en/new-york-state/new-york/restaurant/il-buco-alimentari-e-vineria
313,/us/en/new-york-state/new-york/restaurant/dhamaka
314,/us/en/new-york-state/new-york/restaurant/faun
315,/us/en/new-york-state/new-york/restaurant/ernesto-s
316,/us/en/new-york-state/new-york/restaurant/aroqa
317,/us/en/new-york-state/new-york/restaurant/karasu
318,/us/en/new-york-state/new-york/restaurant/una-pizza-napoletana
319,/us/en/new-york-state/new-york/restaurant/prune
320,/us/en/new-york-state/new-york/restaurant/alta-calidad
321,/us/en/new-york-state/new-york/restaurant/el-quinto-pino
322,/us/en/new-york-state/new-york/restaurant/miss-ada
323,/us/en/new-york-state/new-york/restaurant/the-black-ant
324,/us/en/new-york-state/new-york/restaurant/double-zero
325,/us/en/new-york-state/new-york/restaurant/foragers-table
326,/us/en/new-york-state/new-york/restaurant/lalou
327,/us/en/new-york-state/new-york/restaurant/katz-s
328,/us/en/new-york-state/new-york/restaurant/portale
329,/us/en/new-york-state/new-york/restaurant/63-clinton
330,/us/en/new-york-state/new-york/restaurant/oxalis
331,/us/en/new-york-state/new-york/restaurant/camillo
332,/us/en/new-york-state/new-york/restaurant/15-east-at-tocqueville
333,/us/en/new-york-state/new-york/restaurant/aoi-kitchen
334,/us/en/new-york-state/new-york/restaurant/electric-lemon
335,/us/en/new-york-state/new-york/restaurant/ivan-ramen
336,/us/en/new-york-state/new-york/restaurant/hasaki
337,/us/en/new-york-state/new-york/restaurant/scampi
338,/us/en/new-york-state/new-york/restaurant/dumpling-lab
339,/us/en/new-york-state/new-york/restaurant/maki-kosaka
340,/us/en/new-york-state/new-york/restaurant/tacos-guey
341,/us/en/new-york-state/new-york/restaurant/soba-ya
342,/us/en/new-york-state/new-york/restaurant/clinton-st-baking-company
343,/us/en/new-york-state/new-york/restaurant/kyma
344,/us/en/new-york-state/new-york/restaurant/noda
345,/us/en/new-york-state/new-york/restaurant/huertas
346,/us/en/new-york-state/new-york/restaurant/odo
347,/us/en/new-york-state/new-york/restaurant/suki
348,/us/en/new-york-state/new-york/restaurant/periyali
349,/us/en/new-york-state/new-york/restaurant/hunan-slurp-shop
350,/us/en/new-york-state/new-york/restaurant/oiji
351,/us/en/new-york-state/new-york/restaurant/hunan-bistro
352,/us/en/new-york-state/new-york/restaurant/mala-project
353,/us/en/new-york-state/new-york/restaurant/somtum-der
354,/us/en/new-york-state/new-york/restaurant/secchu-yokota
355,/us/en/new-york-state/new-york/restaurant/casa-dani
356,/us/en/new-york-state/new-york/restaurant/yellow-rose
357,/us/en/new-york-state/new-york/restaurant/noreetuh
358,/us/en/new-york-state/new-york/restaurant/ci-siamo
359,/us/en/new-york-state/new-york/restaurant/soothr
360,/us/en/new-york-state/new-york/restaurant/van-đa
361,/us/en/new-york-state/new-york/restaurant/reserve-by-amor-y-amargo
362,/us/en/new-york-state/new-york/restaurant/kanoyama
363,/us/en/new-york-state/new-york/restaurant/ruffian
364,/us/en/new-york-state/new-york/restaurant/pylos
365,/us/en/new-york-state/new-york/restaurant/rangoon
366,/us/en/new-york-state/new-york/restaurant/avant-garden
367,/us/en/new-york-state/new-york/restaurant/tsukimi
368,/us/en/new-york-state/new-york/restaurant/tuome
369,/us/en/new-york-state/new-york/restaurant/cote
370,/us/en/new-york-state/new-york/restaurant/lavagna
371,/us/en/new-york-state/new-york/restaurant/abcv
372,/us/en/new-york-state/new-york/restaurant/kura
373,/us/en/new-york-state/new-york/restaurant/craft
374,/us/en/new-york-state/new-york/restaurant/momofuku-noodle-bar
375,/us/en/new-york-state/new-york/restaurant/locanda-vini-e-olii
376,/us/en/new-york-state/new-york/restaurant/cafe-salmagundi
377,/us/en/new-york-state/new-york/restaurant/gramercy-tavern
378,/us/en/new-york-state/new-york/restaurant/rezdora-osteria-emiliana
379,/us/en/new-york-state/new-york/restaurant/casa-mono
380,/us/en/new-york-state/new-york/restaurant/rosella
381,/us/en/new-york-state/new-york/restaurant/junoon
382,/us/en/new-york-state/new-york/restaurant/oceans
383,/us/en/new-york-state/new-york/restaurant/union-square-cafe
384,/us/en/new-york-state/new-york/restaurant/legacy-records
385,/us/en/new-york-state/new-york/restaurant/chavela-s
386,/us/en/new-york-state/new-york/restaurant/cosme
387,/us/en/new-york-state/new-york/restaurant/hearth
388,/us/en/new-york-state/new-york/restaurant/luzzo-s
389,/us/en/new-york-state/new-york/restaurant/chef-s-table-at-brooklyn-fare
390,/us/en/new-york-state/new-york/restaurant/jua
391,/us/en/new-york-state/new-york/restaurant/il-fiorista
392,/us/en/new-york-state/new-york/restaurant/the-clocktower
393,/us/en/new-york-state/new-york/restaurant/novita
394,/us/en/new-york-state/new-york/restaurant/soda-club
395,/us/en/new-york-state/new-york/restaurant/eleven-madison-park
396,/us/en/new-york-state/new-york/restaurant/kafana
397,/us/en/new-york-state/new-york/restaurant/speedy-romeo
398,/us/en/new-york-state/new-york/restaurant/ulivo
399,/us/en/new-york-state/new-york/restaurant/mercato
400,/us/en/new-york-state/new-york/restaurant/virginia-s
401,/us/en/new-york-state/new-york/restaurant/hart-s
402,/us/en/new-york-state/new-york/restaurant/upland
403,/us/en/new-york-state/new-york/restaurant/antoya
404,/us/en/new-york-state/new-york/restaurant/atoboy
405,/us/en/new-york-state/new-york/restaurant/for-all-things-good
406,/us/en/new-york-state/new-york/restaurant/pippali
407,/us/en/new-york-state/new-york/restaurant/kochi
408,/us/en/new-york-state/new-york/restaurant/lamalo
409,/us/en/new-york-state/new-york/restaurant/hangawi
410,/us/en/new-york-state/new-york/restaurant/cho-dang-gol
411,/us/en/new-york-state/new-york/restaurant/dons-bogam
412,/us/en/new-york-state/new-york/restaurant/keens
413,/us/en/new-york-state/new-york/restaurant/hyun
414,/us/en/new-york-state/new-york/restaurant/aska
415,/us/en/new-york-state/new-york/restaurant/atomix
416,/us/en/new-york-state/new-york/restaurant/turkish-kitchen
417,/us/en/new-york-state/new-york/restaurant/mari
418,/us/en/new-york-state/new-york/restaurant/tonchin
419,/us/en/new-york-state/new-york/restaurant/wolfgang-s
420,/us/en/new-york-state/new-york/restaurant/francie
421,/us/en/new-york-state/new-york/restaurant/ai-fiori
422,/us/en/new-york-state/new-york/restaurant/sunday-in-brooklyn
423,/us/en/new-york-state/new-york/restaurant/barbetta
424,/us/en/new-york-state/new-york/restaurant/norma-gastronomia-siciliana
425,/us/en/new-york-state/new-york/restaurant/meadowsweet
426,/us/en/new-york-state/new-york/restaurant/peter-luger
427,/us/en/new-york-state/new-york/restaurant/taboon
428,/us/en/new-york-state/new-york/restaurant/2nd-avenue-deli
429,/us/en/new-york-state/new-york/restaurant/kung-fu-little-steamed-buns-ramen
430,/us/en/new-york-state/new-york/restaurant/casellula
431,/us/en/new-york-state/new-york/restaurant/sushi-ginza-onodera
432,/us/en/new-york-state/new-york/restaurant/don-antonio-by-starita
433,/us/en/new-york-state/new-york/restaurant/gabriel-kreuther
434,/us/en/new-york-state/new-york/restaurant/danji
435,/us/en/new-york-state/new-york/restaurant/tori-shin
436,/us/en/new-york-state/new-york/restaurant/db-bistro-moderne
437,/us/en/new-york-state/new-york/restaurant/little-alley
438,/us/en/new-york-state/new-york/restaurant/xixa
439,/us/en/new-york-state/new-york/restaurant/pera
440,/us/en/new-york-state/new-york/restaurant/kajitsu
441,/us/en/new-york-state/new-york/restaurant/gallaghers
442,/us/en/new-york-state/new-york/restaurant/le-pavillon-1192744
443,/us/en/new-york-state/new-york/restaurant/le-bernardin
444,/us/en/new-york-state/new-york/restaurant/shalom-japan
445,/us/en/new-york-state/new-york/restaurant/the-four-horsemen
446,/us/en/new-york-state/new-york/restaurant/tempura-matsui
447,/us/en/new-york-state/new-york/restaurant/aldo-sohm-wine-bar
448,/us/en/new-york-state/new-york/restaurant/fette-sau
449,/us/en/new-york-state/new-york/restaurant/kokomo
450,/us/en/new-york-state/new-york/restaurant/bolero
451,/us/en/new-york-state/new-york/restaurant/klein-s
452,/us/en/new-york-state/new-york/restaurant/sushi-yasuda
453,/us/en/new-york-state/new-york/restaurant/per-se
454,/us/en/new-york-state/new-york/restaurant/masa
455,/us/en/new-york-state/new-york/restaurant/porter-house
456,/us/en/new-york-state/new-york/restaurant/soba-totto
457,/us/en/new-york-state/new-york/restaurant/tsushima
458,/us/en/new-york-state/new-york/restaurant/le-crocodile
459,/us/en/new-york-state/new-york/restaurant/marea
460,/us/en/new-york-state/new-york/restaurant/jean-georges
461,/us/en/new-york-state/new-york/restaurant/indian-accent
462,/us/en/new-york-state/new-york/restaurant/mifune
463,/us/en/new-york-state/new-york/restaurant/aburiya-kinnosuke
464,/us/en/new-york-state/new-york/restaurant/sushi-amane
465,/us/en/new-york-state/new-york/restaurant/benoit
466,/us/en/new-york-state/new-york/restaurant/ainslie
467,/us/en/new-york-state/new-york/restaurant/the-modern
468,/us/en/new-york-state/new-york/restaurant/il-gattopardo
469,/us/en/new-york-state/new-york/restaurant/la-grenouille
470,/us/en/new-york-state/new-york/restaurant/21-greenpoint
471,/us/en/new-york-state/new-york/restaurant/boulud-sud
472,/us/en/new-york-state/new-york/restaurant/sushiann
473,/us/en/new-york-state/new-york/restaurant/hanon
474,/us/en/new-york-state/new-york/restaurant/chez-ma-tante
475,/us/en/new-york-state/new-york/restaurant/empellon
476,/us/en/new-york-state/new-york/restaurant/đi-an-đi
477,/us/en/new-york-state/new-york/restaurant/the-grill
478,/us/en/new-york-state/new-york/restaurant/caviar-russe
479,/us/en/new-york-state/new-york/restaurant/sushi-yasaka
480,/us/en/new-york-state/new-york/restaurant/rule-of-thirds
481,/us/en/new-york-state/new-york/restaurant/saraghina
482,/us/en/new-york-state/new-york/restaurant/lobster-club
483,/us/en/new-york-state/new-york/restaurant/le-jardinier
484,/us/en/new-york-state/new-york/restaurant/shun
485,/us/en/new-york-state/new-york/restaurant/llama-inn
486,/us/en/new-york-state/new-york/restaurant/aquavit
487,/us/en/new-york-state/new-york/restaurant/anella
488,/us/en/new-york-state/new-york/restaurant/madre-1185329
489,/us/en/new-york-state/new-york/restaurant/the-leopard-at-des-artistes
490,/us/en/new-york-state/new-york/restaurant/oxomoco
491,/us/en/new-york-state/new-york/restaurant/bin-71
492,/us/en/new-york-state/new-york/restaurant/hide-chan-ramen
493,/us/en/new-york-state/new-york/restaurant/gentle-perch
494,/us/en/new-york-state/new-york/restaurant/casa-ora
495,/us/en/new-york-state/new-york/restaurant/citroen
496,/us/en/new-york-state/new-york/restaurant/win-son
497,/us/en/new-york-state/new-york/restaurant/ammazzacaffe
498,/us/en/new-york-state/new-york/restaurant/coast-valley
499,/us/en/new-york-state/new-york/restaurant/pierozek
500,/us/en/new-york-state/new-york/restaurant/le-fond
501,/us/en/new-york-state/new-york/restaurant/le-fanfare
502,/us/en/new-york-state/new-york/restaurant/glasserie
503,/us/en/new-york-state/new-york/restaurant/hutong
504,/us/en/new-york-state/new-york/restaurant/mesa-coyoacan
505,/us/en/new-york-state/new-york/restaurant/majorelle
506,/us/en/new-york-state/new-york/restaurant/l-antagoniste
507,/us/en/new-york-state/new-york/restaurant/chola
508,/us/en/new-york-state/new-york/restaurant/mao-mao
509,/us/en/new-york-state/new-york/restaurant/daniel
510,/us/en/new-york-state/new-york/restaurant/jojo
511,/us/en/new-york-state/new-york/restaurant/casa-enrique
512,/us/en/new-york-state/new-york/restaurant/hupo
513,/us/en/new-york-state/new-york/restaurant/elea-greek
514,/us/en/new-york-state/new-york/restaurant/sushi-daizen
515,/us/en/new-york-state/new-york/restaurant/roberta-s
516,/us/en/new-york-state/new-york/restaurant/r40
517,/us/en/new-york-state/new-york/restaurant/bellwether
518,/us/en/new-york-state/new-york/restaurant/blanca
519,/us/en/new-york-state/new-york/restaurant/boathouse-central-park
520,/us/en/new-york-state/new-york/restaurant/barney-greengrass
521,/us/en/new-york-state/new-york/restaurant/sushi-seki
522,/us/en/new-york-state/new-york/restaurant/moti-mahal-delux
523,/us/en/new-york-state/new-york/restaurant/amelie
524,/us/en/new-york-state/new-york/restaurant/takeda
525,/us/en/new-york-state/new-york/restaurant/maya
526,/us/en/new-york-state/new-york/restaurant/la-loncheria
527,/us/en/new-york-state/new-york/restaurant/dagon
528,/us/en/new-york-state/new-york/restaurant/chick-chick
529,/us/en/new-york-state/new-york/restaurant/falansai
530,/us/en/new-york-state/new-york/restaurant/orsay
531,/us/en/new-york-state/new-york/restaurant/il-divo
532,/us/en/new-york-state/new-york/restaurant/j-g-melon
533,/us/en/new-york-state/new-york/restaurant/mission-ceviche
534,/us/en/new-york-state/new-york/restaurant/persepolis
535,/us/en/new-york-state/new-york/restaurant/huso
536,/us/en/new-york-state/new-york/restaurant/bohemian-spirit
537,/us/en/new-york-state/new-york/restaurant/sushi-noz
538,/us/en/new-york-state/new-york/restaurant/sushi-ishikawa
539,/us/en/new-york-state/new-york/restaurant/cafe-sabarsky
540,/us/en/new-york-state/new-york/restaurant/faro
541,/us/en/new-york-state/new-york/restaurant/lusardi-s
542,/us/en/new-york-state/new-york/restaurant/m-wells-steakhouse
543,/us/en/new-york-state/new-york/restaurant/the-simone
544,/us/en/new-york-state/new-york/restaurant/flex-mussels
545,/us/en/new-york-state/new-york/restaurant/bunker
546,/us/en/new-york-state/new-york/restaurant/sushi-of-gari
547,/us/en/new-york-state/new-york/restaurant/tong
548,/us/en/new-york-state/new-york/restaurant/gordo-s-cantina
549,/us/en/new-york-state/new-york/restaurant/atlas-kitchen
550,/us/en/new-york-state/new-york/restaurant/community-food-juice
551,/us/en/new-york-state/new-york/restaurant/san-matteo
552,/us/en/new-york-state/new-york/restaurant/miss-mamie-s-spoonbread-too
553,/us/en/new-york-state/new-york/restaurant/tre-otto
554,/us/en/new-york-state/new-york/restaurant/melba-s
555,/us/en/new-york-state/new-york/restaurant/bajeko-sekuwa
556,/us/en/new-york-state/new-york/restaurant/cardamom
557,/us/en/new-york-state/new-york/restaurant/jin-ramen
558,/us/en/new-york-state/new-york/restaurant/mar-s
559,/us/en/new-york-state/new-york/restaurant/barawine
560,/us/en/new-york-state/new-york/restaurant/tastings-social-presents-mountain-bird
561,/us/en/new-york-state/new-york/restaurant/red-rooster
562,/us/en/new-york-state/new-york/restaurant/koyo
563,/us/en/new-york-state/new-york/restaurant/fumo
564,/us/en/new-york-state/new-york/restaurant/oso
565,/us/en/new-york-state/new-york/restaurant/abyssinia
566,/us/en/new-york-state/new-york/restaurant/africa-kine
567,/us/en/new-york-state/new-york/restaurant/gregory-s-26-corner-taverna
568,/us/en/new-york-state/new-york/restaurant/sabry-s
569,/us/en/new-york-state/new-york/restaurant/via-vai
570,/us/en/new-york-state/new-york/restaurant/christos
571,/us/en/new-york-state/new-york/restaurant/beatstro
572,/us/en/new-york-state/new-york/restaurant/taverna-kyclades
573,/us/en/new-york-state/new-york/restaurant/himalayan-yak
574,/us/en/new-york-state/new-york/restaurant/phayul
575,/us/en/new-york-state/new-york/restaurant/angel
576,/us/en/new-york-state/new-york/restaurant/la-morada
577,/us/en/new-york-state/new-york/restaurant/saranrom-thai
578,/us/en/new-york-state/new-york/restaurant/pata-cafe
579,/us/en/new-york-state/new-york/restaurant/sweet-yummy-house
580,/us/en/new-york-state/new-york/restaurant/mexicosina
581,/us/en/new-york-state/new-york/restaurant/suyo-gastrofusion
582,/us/en/new-york-state/new-york/restaurant/seis-vecinos
583,/us/en/new-york-state/new-york/restaurant/la-cueva-fonda
584,/us/en/new-york-state/new-york/restaurant/memories-of-shanghai
585,/us/en/new-york-state/new-york/restaurant/caleta-111-cevicheria
586,/us/en/new-york-state/new-york/restaurant/spy-c-cuisine
587,/us/en/new-york-state/new-york/restaurant/el-molcajete
588,/us/en/new-york-state/new-york/restaurant/el-nuevo-bohio
589,/us/en/new-york-state/new-york/restaurant/liebman-s
590,/us/en/new-york-state/new-york/restaurant/estrellita-poblana-iii
591,/us/en/new-york-state/new-york/restaurant/roberto-s
592,/us/en/new-york-state/new-york/restaurant/cka-ka-qellu
593,/us/en/new-york-state/new-york/restaurant/zero-otto-nove
594,/us/en/new-york-state/new-york/restaurant/tra-di-noi
595,/us/en/new-york-state/new-york/restaurant/asian-jewels
596,/us/en/new-york-state/new-york/restaurant/guan-fu-sichuan
597,/us/en/new-york-state/new-york/restaurant/dumpling-galaxy
598,/us/en/new-york-state/new-york/restaurant/da-xi-sichuan
599,/us/en/new-york-state/new-york/restaurant/claudy-s-kitchen
600,/us/en/new-york-state/new-york/restaurant/alley-41
601,/us/en/new-york-state/new-york/restaurant/jake-s-steakhouse
602,/us/en/new-york-state/new-york/restaurant/beccofino
603,/us/en/new-york-state/new-york/restaurant/hahm-ji-bach
604,/us/en/new-york-state/new-york/restaurant/patricia-s
605,/us/en/new-york-state/yonkers/restaurant/x20-xaviars-on-the-hudson
606,/us/en/new-york-state/new-york/restaurant/enzo-s
607,/us/en/new-york-state/new-york/restaurant/tong-sam-gyup-goo-yi
608,/us/en/new-york-state/new-york/restaurant/da-franco-tony-ristorante
609,/us/en/new-york-state/new-york/restaurant/mythos
610,/us/en/new-york-state/new-york/restaurant/legend-of-taste
611,/us/en/new-york-state/hastings-on-hudson/restaurant/boro6-wine-bar
612,/us/en/new-york-state/new-york/restaurant/archie-s-tap-table
613,/us/en/new-york-state/bronxville/restaurant/tredici-social
614,/us/en/new-york-state/dobbs-ferry/restaurant/the-cookery
615,/us/en/new-york-state/pelham/restaurant/macelleria-italian-steakhouse
616,/us/en/new-york-state/new-rochelle/restaurant/dubrovnik1184228
617,/us/en/new-york-state/irvington/restaurant/mp-taverna1184264
618,/us/en/new-york-state/eastchester/restaurant/burrata
619,/us/en/new-york-state/irvington/restaurant/chutney-masala
620,/us/en/new-york-state/ardsley/restaurant/l-inizio
621,/us/en/new-york-state/new-rochelle/restaurant/maria-restaurant
622,/us/en/new-york-state/tarrytown/restaurant/goosefeather
623,/us/en/new-york-state/scarsdale/restaurant/cafe-alaia
624,/us/en/new-york-state/tarrytown/restaurant/mint-premium-foods
625,/us/en/new-york-state/scarsdale/restaurant/meritage
626,/us/en/new-york-state/hartsdale/restaurant/fantasy-cuisine
627,/us/en/new-york-state/elmsford/restaurant/shiraz-kitchen
628,/us/en/new-york-state/elmsford/restaurant/raasa
629,/us/en/new-york-state/hartsdale/restaurant/o-mandarin-chinese
630,/us/en/new-york-state/tarrytown/restaurant/blue-hill-at-stone-barns
631,/us/en/new-york-state/west-harrison/restaurant/copper-house
632,/us/en/new-york-state/pleasantville/restaurant/southern-table
633,/us/en/new-york-state/us-rye/restaurant/oko-rye
634,/us/en/new-york-state/us-rye/restaurant/ruby-s-oyster-house
635,/us/en/new-york-state/us-rye/restaurant/rafele-rye
636,/us/en/new-york-state/mount-kisco/restaurant/badageoni-georgian-kitchen
637,/us/en/district-of-columbia/washington-dc/restaurant/the-inn-at-little-washington
638,/us/en/district-of-columbia/washington-dc/restaurant/patty-o-s-cafe-bakery
639,/us/en/new-york-state/katonah/restaurant/the-whitlock
640,/us/en/new-york-state/bedford/restaurant/the-farmhouse-at-bedford-post-inn
641,/us/en/new-york-state/pound-ridge/restaurant/the-inn-at-pound-ridge
642,/us/en/new-york-state/pound-ridge/restaurant/north-star
643,/us/en/new-york-state/north-salem/restaurant/purdy-s-farmer-the-fish
644,/us/en/illinois/chicago/restaurant/virtue
645,/us/en/illinois/chicago/restaurant/nella-pizza-e-pasta
646,/us/en/illinois/chicago/restaurant/apolonia
647,/us/en/illinois/chicago/restaurant/moody-tongue
648,/us/en/illinois/chicago/restaurant/terzo-piano
649,/us/en/illinois/chicago/restaurant/woodwind
650,/us/en/illinois/chicago/restaurant/eleven-city-diner
651,/us/en/illinois/chicago/restaurant/les-nomades
652,/us/en/illinois/chicago/restaurant/marisol
653,/us/en/illinois/chicago/restaurant/the-gage
654,/us/en/illinois/chicago/restaurant/pelago
655,/us/en/illinois/chicago/restaurant/venteux
656,/us/en/illinois/chicago/restaurant/gino-s-east
657,/us/en/illinois/chicago/restaurant/the-purple-pig
658,/us/en/illinois/chicago/restaurant/tan-lu
659,/us/en/illinois/chicago/restaurant/adorn
660,/us/en/illinois/chicago/restaurant/mccb
661,/us/en/illinois/chicago/restaurant/minghin
662,/us/en/illinois/chicago/restaurant/dolo
663,/us/en/illinois/chicago/restaurant/tzuco
664,/us/en/illinois/chicago/restaurant/nico-osteria
665,/us/en/illinois/chicago/restaurant/hugo-s-frog-bar-fish-house
666,/us/en/illinois/chicago/restaurant/rpm-steak
667,/us/en/illinois/chicago/restaurant/maple-ash
668,/us/en/illinois/chicago/restaurant/frontera-grill
669,/us/en/illinois/chicago/restaurant/topolobampo
670,/us/en/illinois/chicago/restaurant/brindille
671,/us/en/illinois/chicago/restaurant/prime-provisions
672,/us/en/illinois/chicago/restaurant/chicago-cut
673,/us/en/illinois/chicago/restaurant/blue-door-kitchen-garden
674,/us/en/illinois/chicago/restaurant/gt-fish-oyster
675,/us/en/illinois/chicago/restaurant/bavette-s-bar-boeuf
676,/us/en/illinois/chicago/restaurant/gilt-bar
677,/us/en/illinois/chicago/restaurant/ciccio-mio
678,/us/en/illinois/chicago/restaurant/bar-mar
679,/us/en/illinois/chicago/restaurant/adobo-grill
680,/us/en/illinois/chicago/restaurant/lou-mitchell-s
681,/us/en/illinois/chicago/restaurant/pleasant-house-pub
682,/us/en/illinois/chicago/restaurant/jinsei-motto
683,/us/en/illinois/chicago/restaurant/decolores
684,/us/en/illinois/chicago/restaurant/sepia
685,/us/en/illinois/chicago/restaurant/proxi
686,/us/en/illinois/chicago/restaurant/alla-vita
687,/us/en/illinois/chicago/restaurant/avec
688,/us/en/illinois/chicago/restaurant/tengoku-aburiya
689,/us/en/illinois/chicago/restaurant/kumiko
690,/us/en/illinois/chicago/restaurant/omakase-yume
691,/us/en/illinois/chicago/restaurant/north-pond
692,/us/en/illinois/chicago/restaurant/esme
693,/us/en/illinois/chicago/restaurant/perilla
694,/us/en/illinois/chicago/restaurant/oriole
695,/us/en/illinois/chicago/restaurant/komo
696,/us/en/illinois/chicago/restaurant/mako
697,/us/en/illinois/chicago/restaurant/rooh1179700
698,/us/en/illinois/chicago/restaurant/la-josie
699,/us/en/illinois/chicago/restaurant/the-dawson
700,/us/en/illinois/chicago/restaurant/girl-the-goat
701,/us/en/illinois/chicago/restaurant/haisous
702,/us/en/illinois/chicago/restaurant/sushi-dokku
703,/us/en/illinois/chicago/restaurant/joe-s-imports
704,/us/en/illinois/chicago/restaurant/momotaro
705,/us/en/illinois/chicago/restaurant/cira
706,/us/en/illinois/chicago/restaurant/cabra
707,/us/en/illinois/chicago/restaurant/the-publican
708,/us/en/illinois/chicago/restaurant/mfk
709,/us/en/illinois/chicago/restaurant/chikatana
710,/us/en/illinois/chicago/restaurant/rose-mary
711,/us/en/illinois/chicago/restaurant/gaijin-1190067
712,/us/en/illinois/chicago/restaurant/st-clair-supper-club
713,/us/en/illinois/chicago/restaurant/next
714,/us/en/illinois/chicago/restaurant/roister
715,/us/en/illinois/chicago/restaurant/chez-joel
716,/us/en/illinois/chicago/restaurant/swift-sons
717,/us/en/illinois/chicago/restaurant/monteverde
718,/us/en/illinois/chicago/restaurant/dusek-s-board-beer
719,/us/en/illinois/chicago/restaurant/s-k-y
720,/us/en/illinois/chicago/restaurant/the-duck-inn
721,/us/en/illinois/chicago/restaurant/alinea
722,/us/en/illinois/chicago/restaurant/boka
723,/us/en/illinois/chicago/restaurant/chilam-balam
724,/us/en/illinois/chicago/restaurant/ceres-table
725,/us/en/illinois/chicago/restaurant/pizzeria-bebu
726,/us/en/illinois/chicago/restaurant/gioia-ristorante-e-pastificio
727,/us/en/illinois/chicago/restaurant/the-gundis
728,/us/en/illinois/chicago/restaurant/galit
729,/us/en/illinois/chicago/restaurant/county-barbecue
730,/us/en/illinois/chicago/restaurant/elina-s
731,/us/en/illinois/chicago/restaurant/canton-regio
732,/us/en/illinois/chicago/restaurant/ever
733,/us/en/illinois/chicago/restaurant/elske
734,/us/en/illinois/chicago/restaurant/smyth
735,/us/en/illinois/chicago/restaurant/azul-mariscos-muelle
736,/us/en/illinois/chicago/restaurant/coalfire-pizza
737,/us/en/illinois/chicago/restaurant/vajra
738,/us/en/illinois/chicago/restaurant/juno
739,/us/en/illinois/chicago/restaurant/carnitas-uruapan
740,/us/en/illinois/chicago/restaurant/provare
741,/us/en/illinois/chicago/restaurant/5-rabanitos
742,/us/en/illinois/chicago/restaurant/jeong
743,/us/en/illinois/chicago/restaurant/swift-sons-tavern-oyster-bar
744,/us/en/illinois/chicago/restaurant/mordecai
745,/us/en/illinois/chicago/restaurant/hinoki-sushiko
746,/us/en/illinois/chicago/restaurant/porto
747,/us/en/illinois/chicago/restaurant/beatnik
748,/us/en/illinois/chicago/restaurant/temporis
749,/us/en/illinois/chicago/restaurant/mott-st
750,/us/en/illinois/chicago/restaurant/kie-gol-lanee
751,/us/en/illinois/chicago/restaurant/schwa
752,/us/en/illinois/chicago/restaurant/funkenhausen
753,/us/en/illinois/chicago/restaurant/dear-margaret
754,/us/en/illinois/chicago/restaurant/nha-hang-vietnam
755,/us/en/illinois/chicago/restaurant/bangers-lace
756,/us/en/illinois/chicago/restaurant/ghin-khao
757,/us/en/illinois/chicago/restaurant/sochi
758,/us/en/illinois/chicago/restaurant/tied-house
759,/us/en/illinois/chicago/restaurant/mama-delia
760,/us/en/illinois/chicago/restaurant/coda-di-volpe
761,/us/en/illinois/chicago/restaurant/the-coach-house-by-wazwan
762,/us/en/illinois/chicago/restaurant/arami
763,/us/en/illinois/chicago/restaurant/demera
764,/us/en/illinois/chicago/restaurant/tortello-pastificio
765,/us/en/illinois/chicago/restaurant/ina-mae-tavern
766,/us/en/illinois/chicago/restaurant/pearl-s-southern-comfort
767,/us/en/illinois/chicago/restaurant/soule
768,/us/en/illinois/chicago/restaurant/herb
769,/us/en/illinois/chicago/restaurant/kasama
770,/us/en/illinois/chicago/restaurant/etta
771,/us/en/illinois/chicago/restaurant/the-perch
772,/us/en/illinois/chicago/restaurant/mango-pickle
773,/us/en/illinois/chicago/restaurant/bloom-plant-based-kitchen
774,/us/en/illinois/chicago/restaurant/munno-pizzeria-bistro
775,/us/en/illinois/chicago/restaurant/el-ideas
776,/us/en/illinois/chicago/restaurant/claudia
777,/us/en/illinois/chicago/restaurant/the-bristol
778,/us/en/illinois/chicago/restaurant/gadabout
779,/us/en/illinois/chicago/restaurant/big-jones
780,/us/en/illinois/chicago/restaurant/fiya
781,/us/en/illinois/chicago/restaurant/pizza-friendly-pizza
782,/us/en/illinois/chicago/restaurant/chef’s-special-cocktail-bar
783,/us/en/illinois/chicago/restaurant/robert-et-fils
784,/us/en/illinois/chicago/restaurant/heritage-restaurant-caviar-bar
785,/us/en/illinois/chicago/restaurant/bistro-campagne
786,/us/en/illinois/chicago/restaurant/the-warbler
787,/us/en/illinois/chicago/restaurant/gather
788,/us/en/illinois/chicago/restaurant/luella-s-southern-kitchen
789,/us/en/illinois/chicago/restaurant/sticky-rice
790,/us/en/illinois/chicago/restaurant/table-donkey-and-stick
791,/us/en/illinois/chicago/restaurant/osteria-langhe
792,/us/en/illinois/chicago/restaurant/dos-urban-cantina
793,/us/en/illinois/chicago/restaurant/lardon
794,/us/en/illinois/chicago/restaurant/elizabeth
795,/us/en/illinois/chicago/restaurant/testaccio
796,/us/en/illinois/chicago/restaurant/mi-tocaya
797,/us/en/illinois/chicago/restaurant/san-soo-gab-san
798,/us/en/illinois/chicago/restaurant/birrieria-zaragoza
799,/us/en/illinois/chicago/restaurant/noodlebird
800,/us/en/illinois/chicago/restaurant/bixi-beer
801,/us/en/illinois/chicago/restaurant/goosefoot
802,/us/en/illinois/chicago/restaurant/en-passant
803,/us/en/illinois/chicago/restaurant/daisies
804,/us/en/illinois/chicago/restaurant/andros-taverna
805,/us/en/illinois/chicago/restaurant/giant
806,/us/en/illinois/chicago/restaurant/superkhana-international
807,/us/en/illinois/chicago/restaurant/lula-cafe
808,/us/en/illinois/chicago/restaurant/longman-eagle
809,/us/en/illinois/chicago/restaurant/wherewithall
810,/us/en/illinois/chicago/restaurant/parachute
811,/us/en/illinois/chicago/restaurant/flat-point
812,/us/en/illinois/chicago/restaurant/smoque-bbq
813,/us/en/illinois/chicago/restaurant/sol-de-mexico
814,/us/en/california/pomona/restaurant/mariscos-jalisco
815,/us/en/california/rancho-santa-fe/restaurant/mille-fleurs
816,/us/en/california/us-san-diego/restaurant/addison
817,/us/en/california/us-san-diego/restaurant/menya-ultra
818,/us/en/california/del-mar/restaurant/market-restaurant-bar
819,/us/en/california/us-san-diego/restaurant/hidden-fish
820,/us/en/california/us-san-diego/restaurant/spicy-city
821,/us/en/california/rancho-santa-margarita/restaurant/todos-santos
822,/us/en/california/carlsbad/restaurant/campfire
823,/us/en/california/us-san-diego/restaurant/medina
824,/us/en/california/carlsbad/restaurant/jeune-et-jolie
825,/us/en/california/us-san-diego/restaurant/siamo-napoli
826,/us/en/california/us-san-diego/restaurant/soichi
827,/us/en/california/oceanside/restaurant/dija-mara
828,/us/en/california/us-san-diego/restaurant/trust
829,/us/en/california/us-san-diego/restaurant/great-maple
830,/us/en/california/san-ysidro/restaurant/tuetano-taqueria
831,/us/en/california/la-jolla/restaurant/a-r-valentien
832,/us/en/california/us-san-diego/restaurant/ciccia-osteria
833,/us/en/california/us-san-diego/restaurant/salud
834,/us/en/california/us-san-diego/restaurant/cucina-urbana
835,/us/en/california/us-san-diego/restaurant/fort-oak
836,/us/en/california/us-san-diego/restaurant/lola-55
837,/us/en/california/us-san-diego/restaurant/sovereign
838,/us/en/california/us-san-diego/restaurant/callie
839,/us/en/california/chula-vista/restaurant/tacos-el-gordo
840,/us/en/california/us-san-diego/restaurant/nolita-hall
841,/us/en/california/us-san-diego/restaurant/cloak-petal
842,/us/en/california/us-san-diego/restaurant/born-raised
843,/us/en/california/us-san-diego/restaurant/morning-glory
844,/us/en/california/us-san-diego/restaurant/crack-shack
845,/us/en/california/us-san-diego/restaurant/kettner-exchange
846,/us/en/california/us-san-diego/restaurant/ironside-fish-oyster
847,/us/en/california/us-san-diego/restaurant/juniper-ivy
848,/us/en/california/us-san-diego/restaurant/herb-wood
849,/us/en/california/us-san-diego/restaurant/craft-commerce
850,/us/en/california/us-san-diego/restaurant/lucha-libre
851,/us/en/california/us-san-diego/restaurant/animae
852,/us/en/california/us-san-diego/restaurant/sushi-tadokoro
853,/us/en/california/us-san-diego/restaurant/coasterra
854,/us/en/california/la-jolla/restaurant/marine-room
855,/us/en/california/coronado/restaurant/little-frenchie
856,/us/en/california/coronado/restaurant/serea-coastal-cuisine
857,/us/en/california/us-san-diego/restaurant/solare
858,/us/en/california/la-jolla/restaurant/puesto
859,/us/en/california/la-jolla/restaurant/himitsu-1183589
860,/us/en/california/la-jolla/restaurant/catania
861,/us/en/california/la-jolla/restaurant/nine-ten
862,/us/en/california/us-san-diego/restaurant/the-fishery
863,/us/en/california/la-jolla/restaurant/the-taco-stand
864,/us/en/california/us-san-diego/restaurant/oscar-s-mexican-seafood
865,/us/en/california/us-san-diego/restaurant/cesarina
866,/us/en/california/san-juan-capistrano/restaurant/heritage-barbecue
867,/us/en/california/us-orange/restaurant/ohshima
868,/us/en/california/us-monrovia/restaurant/luscious-dumplings
869,/us/en/california/tustin/restaurant/chaak-kitchen
870,/us/en/california/arcadia/restaurant/chengdu-impression
871,/us/en/california/us-orange/restaurant/gabbi’s-mexican-kitchen
872,/us/en/california/arcadia/restaurant/laoxi-noodle-house
873,/us/en/california/el-monte/restaurant/burritos-la-palma
874,/us/en/california/tustin/restaurant/j-zhou
875,/us/en/california/us-fullerton/restaurant/khan-saab-desi-craft-kitchen
876,/us/en/california/us-anaheim/restaurant/the-ranch
877,/us/en/california/us-santa-ana/restaurant/el-mercado-modern-cuisine
878,/us/en/california/us-santa-ana/restaurant/mix-mix-kitchen-bar
879,/us/en/california/laguna-beach/restaurant/oliver-s-osteria-mare-e-monti
880,/us/en/california/temple-city/restaurant/dai-ho
881,/us/en/california/temple-city/restaurant/bistro-na’s
882,/us/en/california/us-irvine/restaurant/hiro-nori-ramen
883,/us/en/california/us-irvine/restaurant/ootoro
884,/us/en/california/rosemead/restaurant/sea-harbour
885,/us/en/california/san-gabriel/restaurant/chongqing-special-noodles
886,/us/en/california/us-costa-mesa/restaurant/vaca
887,/us/en/california/us-costa-mesa/restaurant/knife-pleat
888,/us/en/california/us-costa-mesa/restaurant/anqi-by-house-of-an
889,/us/en/california/newport-beach/restaurant/bello-by-sandro-nardone
890,/us/en/california/us-costa-mesa/restaurant/habana
891,/us/en/california/us-costa-mesa/restaurant/hana-re
892,/us/en/california/us-costa-mesa/restaurant/ikko
893,/us/en/california/san-gabriel/restaurant/babita-mexicuisine
894,/us/en/california/san-gabriel/restaurant/newport-seafood
895,/us/en/california/newport-beach/restaurant/marche-moderne
896,/us/en/california/san-gabriel/restaurant/benten-ramen
897,/us/en/california/san-gabriel/restaurant/mian
898,/us/en/california/alhambra/restaurant/jiang-nan-spring
899,/us/en/california/pasadena/restaurant/royce
900,/us/en/california/rosemead/restaurant/longo-seafood
901,/us/en/california/pasadena/restaurant/maestro
902,/us/en/california/pasadena/restaurant/osawa
903,/us/en/california/pasadena/restaurant/perle
904,/us/en/california/pasadena/restaurant/union
905,/us/en/california/pasadena/restaurant/fishwives
906,/us/en/california/us-costa-mesa/restaurant/arc-food-libations
907,/us/en/california/pasadena/restaurant/parkway-grill
908,/us/en/california/pasadena/restaurant/agnes
909,/us/en/california/corona-del-mar/restaurant/cdm
910,/us/en/california/alhambra/restaurant/borneo-kalimantan-cuisine
911,/us/en/california/us-garden-grove/restaurant/garlic-chives-by-kristin
912,/us/en/california/us-costa-mesa/restaurant/taco-maria
913,/us/en/california/us-garden-grove/restaurant/pho-79
914,/us/en/california/alhambra/restaurant/lunasia-dim-sum-house
915,/us/en/california/pasadena/restaurant/the-raymond
916,/us/en/california/alhambra/restaurant/chengdu-taste
917,/us/en/california/us-costa-mesa/restaurant/shunka
918,/us/en/california/newport-beach/restaurant/sushi-ii
919,/us/en/california/alhambra/restaurant/sichuan-impression
920,/us/en/california/cerritos/restaurant/amor-y-tacos
921,/us/en/california/newport-beach/restaurant/lido-bottle-works
922,/us/en/california/newport-beach/restaurant/fable-spirit
923,/us/en/california/us-los-angeles/restaurant/hippo
924,/us/en/california/us-los-angeles/restaurant/otono
925,/us/en/california/us-los-angeles/restaurant/la-azteca
926,/us/en/california/us-los-angeles/restaurant/chifa
927,/us/en/california/us-huntington-beach/restaurant/lsxo
928,/us/en/california/bell-gardens/restaurant/rocio-s-mexican-kitchen
929,/us/en/california/glendale/restaurant/zhengyalov-hatz
930,/us/en/california/glendale/restaurant/bourbon-steak-559871
931,/us/en/california/us-los-angeles/restaurant/guisados
932,/us/en/california/us-los-angeles/restaurant/majordomo
933,/us/en/california/us-los-angeles/restaurant/morihiro
934,/us/en/california/us-los-angeles/restaurant/oriel
935,/us/en/california/bell/restaurant/la-casita-mexicana
936,/us/en/california/glendale/restaurant/adana-restaurant
937,/us/en/california/us-los-angeles/restaurant/manuela
938,/us/en/california/us-los-angeles/restaurant/bestia
939,/us/en/california/us-los-angeles/restaurant/bavel
940,/us/en/california/us-los-angeles/restaurant/marugame-monzo
941,/us/en/california/us-los-angeles/restaurant/tsubaki
942,/us/en/california/us-los-angeles/restaurant/guerrilla-tacos
943,/us/en/california/us-los-angeles/restaurant/brera-ristorante
944,/us/en/california/us-los-angeles/restaurant/konbi
945,/us/en/california/us-los-angeles/restaurant/the-factory-kitchen
946,/us/en/california/us-los-angeles/restaurant/redbird
947,/us/en/california/us-los-angeles/restaurant/badmaash
948,/us/en/california/us-los-angeles/restaurant/yxta
949,/us/en/california/us-los-angeles/restaurant/alimento
950,/us/en/california/us-los-angeles/restaurant/maccheroni-republic
951,/us/en/california/us-los-angeles/restaurant/orsa-winston
952,/us/en/california/us-los-angeles/restaurant/hayato
953,/us/en/california/us-los-angeles/restaurant/cosa-buona
954,/us/en/california/us-los-angeles/restaurant/freedman’s
955,/us/en/california/us-los-angeles/restaurant/spoon-pork
956,/us/en/california/us-los-angeles/restaurant/pine-crane
957,/us/en/california/us-los-angeles/restaurant/q-sushi
958,/us/en/california/us-los-angeles/restaurant/shibumi-559644
959,/us/en/california/us-los-angeles/restaurant/the-exchange
960,/us/en/california/us-los-angeles/restaurant/woodspoon
961,/us/en/california/us-los-angeles/restaurant/dama
962,/us/en/california/us-los-angeles/restaurant/rossoblu
963,/us/en/california/us-los-angeles/restaurant/kismet
964,/us/en/california/hollywood/restaurant/sqirl
965,/us/en/california/us-los-angeles/restaurant/found-oyster
966,/us/en/california/us-los-angeles/restaurant/langer-s
967,/us/en/california/us-los-angeles/restaurant/jitlada
968,/us/en/california/us-los-angeles/restaurant/olympic-cheonggukjang
969,/us/en/california/us-los-angeles/restaurant/phenakite
970,/us/en/california/us-los-angeles/restaurant/soowon-galbi
971,/us/en/california/us-los-angeles/restaurant/yong-su-san
972,/us/en/california/us-los-angeles/restaurant/parks-bbq
973,/us/en/california/us-los-angeles/restaurant/quarters-bbq
974,/us/en/california/us-los-angeles/restaurant/le-comptoir
975,/us/en/california/us-los-angeles/restaurant/holbox
976,/us/en/california/us-los-angeles/restaurant/mi-lindo-nayrit-mariscos
977,/us/en/california/us-los-angeles/restaurant/openaire
978,/us/en/california/long-beach/restaurant/the-attic
979,/us/en/california/us-los-angeles/restaurant/guelaguetza
980,/us/en/california/us-los-angeles/restaurant/jeong-yuk-jeom
981,/us/en/california/hollywood/restaurant/kali
982,/us/en/california/long-beach/restaurant/heritage-1196790
983,/us/en/california/us-los-angeles/restaurant/dha-rae-oak
984,/us/en/california/us-los-angeles/restaurant/gwen
985,/us/en/california/us-los-angeles/restaurant/chosun-galbee
986,/us/en/california/us-los-angeles/restaurant/master-ha
987,/us/en/california/us-los-angeles/restaurant/luv-2-eat-thai-bistro
988,/us/en/california/hollywood/restaurant/providence
989,/us/en/california/us-los-angeles/restaurant/soregashi
990,/us/en/california/us-los-angeles/restaurant/soban
991,/us/en/california/us-los-angeles/restaurant/petit-trois
992,/us/en/california/us-los-angeles/restaurant/osteria-mozza
993,/us/en/california/us-los-angeles/restaurant/pizzeria-mozza
994,/us/en/california/us-los-angeles/restaurant/chi-spacca
995,/us/en/california/us-los-angeles/restaurant/la-cevicheria
996,/us/en/california/us-los-angeles/restaurant/ronan
997,/us/en/california/us-los-angeles/restaurant/genwa
998,/us/en/california/us-los-angeles/restaurant/gish-bac
999,/us/en/california/us-los-angeles/restaurant/angelini-osteria
1000,/us/en/california/hollywood/restaurant/republique
1001,/us/en/california/us-los-angeles/restaurant/petty-cash
1002,/us/en/california/studio-city/restaurant/katsu-ya
1003,/us/en/california/us-los-angeles/restaurant/the-thai-thing
1004,/us/en/california/studio-city/restaurant/asanebo
1005,/us/en/california/us-los-angeles/restaurant/carlitos-gardel
1006,/us/en/california/west-hollywood/restaurant/connie-ted’s
1007,/us/en/california/us-los-angeles/restaurant/jon-vinny’s
1008,/us/en/california/us-los-angeles/restaurant/animal
1009,/us/en/california/west-hollywood/restaurant/norah
1010,/us/en/california/west-hollywood/restaurant/sunset-tower-bar-and-restaurant
1011,/us/en/california/us-los-angeles/restaurant/mercado-los-angeles
1012,/us/en/california/west-hollywood/restaurant/1-kitchen
1013,/us/en/california/west-hollywood/restaurant/tesse
1014,/us/en/california/hollywood/restaurant/the-little-door
1015,/us/en/california/us-los-angeles/restaurant/jar
1016,/us/en/california/us-los-angeles/restaurant/matsumoto
1017,/us/en/california/west-hollywood/restaurant/sushi-ginza-onodera-559850
1018,/us/en/california/west-hollywood/restaurant/eveleigh
1019,/us/en/california/us-los-angeles/restaurant/son-of-a-gun
1020,/us/en/california/elk/restaurant/harbor-house
1021,/us/en/california/boonville/restaurant/boonville-hotel-restaurant
1022,/us/en/california/bodega-bay/restaurant/terrapin-creek
1023,/us/en/california/marshall/restaurant/tony-s-seafood
1024,/us/en/california/us-inverness/restaurant/saltwater
1025,/us/en/california/point-reyes-station/restaurant/cafe-reyes
1026,/us/en/california/forestville/restaurant/farmhouse-inn-restaurant
1027,/us/en/california/sebastopol/restaurant/khom-loi
1028,/us/en/california/half-moon-bay/restaurant/pasta-moon
1029,/us/en/california/sebastopol/restaurant/ramen-gaijin
1030,/us/en/california/healdsburg/restaurant/chalkboard
1031,/us/en/california/healdsburg/restaurant/dry-creek-kitchen
1032,/us/en/california/healdsburg/restaurant/barndiva
1033,/us/en/california/healdsburg/restaurant/valette
1034,/us/en/california/healdsburg/restaurant/singlethread
1035,/us/en/california/geyserville/restaurant/diavola
1036,/us/en/california/san-francisco/restaurant/outerlands
1037,/us/en/california/fairfax/restaurant/village-sake
1038,/us/en/california/san-francisco/restaurant/dumpling-specialist
1039,/us/en/california/mill-valley/restaurant/playa
1040,/us/en/california/san-francisco/restaurant/dumpling-alley
1041,/us/en/california/san-francisco/restaurant/fiorella
1042,/us/en/california/san-francisco/restaurant/violet-s
1043,/us/en/california/san-francisco/restaurant/aziza
1044,/us/en/california/san-francisco/restaurant/pizzetta-211
1045,/us/en/california/san-francisco/restaurant/pearl-6101
1046,/us/en/california/san-anselmo/restaurant/insalata-s
1047,/us/en/california/san-anselmo/restaurant/madcap
1048,/us/en/california/san-bruno/restaurant/gintei
1049,/us/en/california/millbrae/restaurant/tasty-place
1050,/us/en/california/kentfield/restaurant/guesthouse
1051,/us/en/california/san-francisco/restaurant/sichuan-home
1052,/us/en/california/san-francisco/restaurant/um-ma
1053,/us/en/california/larkspur/restaurant/picco
1054,/us/en/california/corte-madera/restaurant/burmatown
1055,/us/en/california/millbrae/restaurant/wonderful
1056,/us/en/california/millbrae/restaurant/hong-kong-flower-lounge
1057,/us/en/california/san-francisco/restaurant/five-happiness
1058,/us/en/california/carmel-by-the-sea/restaurant/aubergine
1059,/us/en/california/carmel-by-the-sea/restaurant/dametra-cafe
1060,/us/en/california/carmel-by-the-sea/restaurant/seventh-dolores
1061,/us/en/california/san-francisco/restaurant/burma-superstar
1062,/us/en/california/carmel-by-the-sea/restaurant/la-bicyclette
1063,/us/en/california/carmel-by-the-sea/restaurant/cultura
1064,/us/en/california/san-francisco/restaurant/wako
1065,/us/en/california/carmel-by-the-sea/restaurant/akaoni
1066,/us/en/california/big-sur/restaurant/sierra-mar
1067,/us/en/california/carmel-by-the-sea/restaurant/casanova
1068,/us/en/california/carmel-by-the-sea/restaurant/yafa
1069,/us/en/california/corte-madera/restaurant/pig-in-a-pickle
1070,/us/en/california/pebble-beach/restaurant/peppoli
1071,/us/en/california/petaluma/restaurant/stockhome
1072,/us/en/california/sausalito/restaurant/sushi-ran
1073,/us/en/california/big-sur/restaurant/big-sur-smokehouse
1074,/us/en/california/burlingame/restaurant/new-england-lobster-eatery
1075,/us/en/california/san-francisco/restaurant/sociale
1076,/us/en/california/san-francisco/restaurant/spruce
1077,/us/en/california/san-mateo/restaurant/wakuriya
1078,/us/en/california/san-francisco/restaurant/hamano-sushi
1079,/us/en/california/san-francisco/restaurant/anchor-oyster-bar
1080,/us/en/california/us-san-rafael/restaurant/sol-food
1081,/us/en/california/san-francisco/restaurant/sorrel
1082,/us/en/california/san-francisco/restaurant/nopalito
1083,/us/en/california/san-francisco/restaurant/saru
1084,/us/en/california/san-francisco/restaurant/ju-ni
1085,/us/en/california/san-francisco/restaurant/frances
1086,/us/en/california/san-francisco/restaurant/che-fico
1087,/us/en/california/san-francisco/restaurant/shish-ke-baba
1088,/us/en/california/san-francisco/restaurant/el-buen-comer
1089,/us/en/california/san-francisco/restaurant/routier
1090,/us/en/california/san-francisco/restaurant/a16
1091,/us/en/california/san-francisco/restaurant/al-s-place
1092,/us/en/california/burlingame/restaurant/rasa
1093,/us/en/california/san-francisco/restaurant/delfina
1094,/us/en/california/san-francisco/restaurant/merchant-roots
1095,/us/en/california/san-francisco/restaurant/the-progress
1096,/us/en/california/san-francisco/restaurant/state-bird-provisions
1097,/us/en/california/san-francisco/restaurant/avery
1098,/us/en/california/san-francisco/restaurant/3rd-cousin
1099,/us/en/california/san-francisco/restaurant/la-taqueria
1100,/us/en/california/san-francisco/restaurant/spqr
1101,/us/en/california/san-francisco/restaurant/the-snug
1102,/us/en/california/san-francisco/restaurant/flour-water-pizzeria
1103,/us/en/california/novato/restaurant/masa-s-sushi
1104,/us/en/california/san-francisco/restaurant/oma-san-francisco-station
1105,/us/en/california/san-francisco/restaurant/atelier-crenn
1106,/us/en/california/san-francisco/restaurant/lazy-bear
1107,/us/en/california/san-francisco/restaurant/bar-crenn
1108,/us/en/california/san-francisco/restaurant/marlena
1109,/us/en/california/san-francisco/restaurant/gracias-madre-sf
1110,/us/en/california/san-francisco/restaurant/shizen
1111,/us/en/california/san-francisco/restaurant/ramenwell
1112,/us/en/california/san-francisco/restaurant/nari
1113,/us/en/california/san-francisco/restaurant/flores
1114,/us/en/california/san-francisco/restaurant/rich-table
1115,/us/en/california/san-francisco/restaurant/dumpling-home
1116,/us/en/california/san-francisco/restaurant/nightbird
1117,/us/en/california/san-francisco/restaurant/monsieur-benjamin
1118,/us/en/california/san-francisco/restaurant/zuni-cafe
1119,/us/en/california/san-francisco/restaurant/robin
1120,/us/en/california/san-francisco/restaurant/octavia
1121,/us/en/california/san-francisco/restaurant/saison
1122,/us/en/california/san-francisco/restaurant/sasaki
1123,/us/en/california/san-francisco/restaurant/flour-water
1124,/us/en/california/san-francisco/restaurant/greens
1125,/us/en/california/san-francisco/restaurant/1601-bar-kitchen
1126,/us/en/california/san-francisco/restaurant/true-laurel
1127,/us/en/california/san-francisco/restaurant/izakaya-rintaro
1128,/us/en/california/san-francisco/restaurant/central-kitchen
1129,/us/en/california/san-francisco/restaurant/farmhouse-kitchen-thai
1130,/us/en/california/san-francisco/restaurant/californios
1131,/us/en/california/san-francisco/restaurant/acquerello
1132,/us/en/california/san-francisco/restaurant/berber
1133,/us/en/california/san-francisco/restaurant/the-morris
1134,/us/en/california/san-francisco/restaurant/ssal
1135,/us/en/california/san-mateo/restaurant/pausa
1136,/us/en/california/monterey/restaurant/montrio-bistro
1137,/us/en/california/san-mateo/restaurant/sushi-yoshizumi
1138,/us/en/california/san-mateo/restaurant/all-spice
1139,/us/en/california/monterey/restaurant/paprika-cafe
1140,/us/en/california/monterey/restaurant/the-sardine-factory
1141,/us/en/california/san-francisco/restaurant/palette-tea-house
1142,/us/en/california/san-francisco/restaurant/mensho
1143,/us/en/california/san-francisco/restaurant/villon
1144,/us/en/california/san-francisco/restaurant/liholiho-yacht-club
1145,/us/en/california/san-francisco/restaurant/birdsong
1146,/us/en/california/san-francisco/restaurant/gary-danko
1147,/us/en/california/san-francisco/restaurant/niku-steakhouse
1148,/us/en/california/san-francisco/restaurant/bellota
1149,/us/en/california/san-francisco/restaurant/gibson
1150,/us/en/california/san-francisco/restaurant/kin-khao
1151,/us/en/california/san-francisco/restaurant/del-popolo
1152,/us/en/california/san-francisco/restaurant/okane
1153,/us/en/california/san-francisco/restaurant/omakase
1154,/us/en/california/san-francisco/restaurant/the-cavalier
1155,/us/en/california/san-francisco/restaurant/sons-daughters
1156,/us/en/california/san-francisco/restaurant/o-by-claude-le-tohic
1157,/us/en/california/san-francisco/restaurant/altovino
1158,/us/en/california/san-francisco/restaurant/campton-place
1159,/us/en/california/san-francisco/restaurant/barrio
1160,/us/en/california/woodside/restaurant/the-village-pub
1161,/us/en/california/san-francisco/restaurant/zero-zero
1162,/us/en/california/san-francisco/restaurant/mister-jiu’s
1163,/us/en/california/san-francisco/restaurant/akiko’s
1164,/us/en/california/san-francisco/restaurant/empress-by-boon
1165,/us/en/california/san-francisco/restaurant/z-y
1166,/us/en/california/san-francisco/restaurant/cafe-jacqueline
1167,/us/en/california/san-francisco/restaurant/trestle
1168,/us/en/california/san-francisco/restaurant/mourad
1169,/us/en/california/san-francisco/restaurant/benu
1170,/us/en/california/san-francisco/restaurant/wayfare-tavern
1171,/us/en/california/san-francisco/restaurant/kusakabe
1172,/us/en/california/san-francisco/restaurant/the-shota
1173,/us/en/california/san-francisco/restaurant/cotogna
1174,/us/en/california/san-francisco/restaurant/quince
1175,/us/en/california/san-francisco/restaurant/coi
1176,/us/en/california/san-francisco/restaurant/perbacco
1177,/us/en/california/belmont/restaurant/shalizaar
1178,/us/en/california/san-francisco/restaurant/kokkari-estiatorio
1179,/us/en/california/san-francisco/restaurant/rooh
1180,/us/en/california/san-francisco/restaurant/harborview
1181,/us/en/california/san-francisco/restaurant/coqueta
1182,/us/en/california/san-francisco/restaurant/yank-sing
1183,/us/en/california/san-francisco/restaurant/gozu
1184,/us/en/california/san-francisco/restaurant/boulevard
1185,/us/en/california/san-francisco/restaurant/prospect
1186,/us/en/california/san-francisco/restaurant/hog-island-oyster-co
1187,/us/en/california/san-francisco/restaurant/angler-sf
1188,/us/en/california/us-san-carlos/restaurant/saffron-1196338
1189,/us/en/california/santa-cruz/restaurant/alderwood
1190,/us/en/california/menlo-park/restaurant/madera
1191,/us/en/california/redwood-city/restaurant/sushi-shin-1195403
1192,/us/en/california/redwood-city/restaurant/warung-siska
1193,/us/en/california/menlo-park/restaurant/flea-st-cafe
1194,/us/en/california/redwood-city/restaurant/la-viga-seafood-cocina-mexicana
1195,/us/en/california/atherton/restaurant/selby-s
1196,/us/en/california/menlo-park/restaurant/camper
1197,/us/en/california/palo-alto/restaurant/vina-enoteca
1198,/us/en/california/carmel-valley/restaurant/lucia-restaurant-bar
1199,/us/en/california/palo-alto/restaurant/evvia
1200,/us/en/california/palo-alto/restaurant/bird-dog
1201,/us/en/california/palo-alto/restaurant/ettan
1202,/us/en/california/palo-alto/restaurant/zola
1203,/us/en/california/palo-alto/restaurant/tamarine
1204,/us/en/california/palo-alto/restaurant/italico
1205,/us/en/california/palo-alto/restaurant/protege
1206,/us/en/california/los-altos/restaurant/aurum-1195363
1207,/us/en/california/glen-ellen/restaurant/glen-ellen-star
1208,/us/en/california/oakland/restaurant/horn-barbecue
1209,/us/en/california/sonoma/restaurant/folktable
1210,/us/en/california/oakland/restaurant/soba-ichi
1211,/us/en/california/oakland/restaurant/delage
1212,/us/en/california/oakland/restaurant/miss-ollie’s
1213,/us/en/california/berkeley/restaurant/vik-s-chaat
1214,/us/en/california/berkeley/restaurant/tacubaya
1215,/us/en/california/berkeley/restaurant/iyasare
1216,/us/en/california/oakland/restaurant/chuan-yu
1217,/us/en/california/saratoga/restaurant/plumed-horse
1218,/us/en/california/sonoma/restaurant/el-molino-central
1219,/us/en/california/berkeley/restaurant/funky-elephant
1220,/us/en/california/berkeley/restaurant/la-marcha
1221,/us/en/california/alameda/restaurant/spinning-bones
1222,/us/en/california/albany/restaurant/juanita-maude
1223,/us/en/california/el-cerrito/restaurant/new-dumpling
1224,/us/en/california/oakland/restaurant/brotzeit-lokal
1225,/us/en/california/alameda/restaurant/utzutzu
1226,/us/en/california/aptos/restaurant/mentone
1227,/us/en/california/sonoma/restaurant/valley
1228,/us/en/california/mountain-view/restaurant/chez-tj
1229,/us/en/california/albany/restaurant/china-village
1230,/us/en/california/mountain-view/restaurant/doppio-zero-pizza-napoletana
1231,/us/en/california/sonoma/restaurant/cafe-la-haye
1232,/us/en/california/oakland/restaurant/mama-oakland
1233,/us/en/california/oakland/restaurant/tacos-oscar
1234,/us/en/california/oakland/restaurant/fob-kitchen
1235,/us/en/california/calistoga/restaurant/solbar
1236,/us/en/california/oakland/restaurant/mago
1237,/us/en/california/oakland/restaurant/teni-east-kitchen
1238,/us/en/california/oakland/restaurant/cdp
1239,/us/en/california/oakland/restaurant/commis
1240,/us/en/california/oakland/restaurant/cafe-romanat
1241,/us/en/california/berkeley/restaurant/fish-bird-sousaku-izakaya
1242,/us/en/california/oakland/restaurant/barcote
1243,/us/en/california/oakland/restaurant/bardo-lounge
1244,/us/en/california/berkeley/restaurant/comal
1245,/us/en/california/berkeley/restaurant/ippuku
1246,/us/en/california/berkeley/restaurant/great-china
1247,/us/en/california/berkeley/restaurant/chez-panisse
1248,/us/en/california/oakland/restaurant/nyum-bai
1249,/us/en/california/oakland/restaurant/belotti-ristorante-e-bottega
1250,/us/en/california/cupertino/restaurant/beijing-duck-house
1251,/us/en/california/oakland/restaurant/millennium
1252,/us/en/california/oakland/restaurant/wood-tavern
1253,/us/en/california/los-gatos/restaurant/manresa
1254,/us/en/california/los-gatos/restaurant/dio-deka
1255,/us/en/california/oakland/restaurant/taqueria-el-paisa
1256,/us/en/california/los-gatos/restaurant/the-bywater
1257,/us/en/california/los-gatos/restaurant/asa-south
1258,/us/en/california/saint-helena/restaurant/farmstead
1259,/us/en/california/saint-helena/restaurant/the-charter-oak
1260,/us/en/california/san-leandro/restaurant/top-hatters-kitchen
1261,/us/en/california/saint-helena/restaurant/press
1262,/us/en/california/campbell/restaurant/orchard-city-kitchen
1263,/us/en/california/hayward/restaurant/los-carnalitos
1264,/us/en/california/yountville/restaurant/mustards-grill
1265,/us/en/california/rutherford/restaurant/auberge-du-soleil
1266,/us/en/california/yountville/restaurant/north-block
1267,/us/en/california/yountville/restaurant/ciccio
1268,/us/en/california/san-jose/restaurant/luna-mexican-kitchen
1269,/us/en/california/yountville/restaurant/the-french-laundry
1270,/us/en/california/yountville/restaurant/bouchon
1271,/us/en/california/yountville/restaurant/la-calenda
1272,/us/en/california/yountville/restaurant/ad-hoc
1273,/us/en/california/napa/restaurant/grace’s-table
1274,/us/en/california/napa/restaurant/kenzo
1275,/us/en/california/napa/restaurant/compline
1276,/us/en/california/lafayette/restaurant/reve-bistro
1277,/us/en/california/napa/restaurant/la-toque
1278,/us/en/california/san-jose/restaurant/bai-xing-jia-hunan-fusion
1279,/us/en/california/san-jose/restaurant/adega
1280,/us/en/california/vallejo/restaurant/michael-warring
1281,/us/en/california/danville/restaurant/thai-house
1282,/us/en/california/pleasanton/restaurant/sabio-on-main
1283,/us/en/california/paso-robles/restaurant/the-restaurant-at-justin
1284,/us/en/california/livermore/restaurant/range-life
1285,/us/en/california/san-luis-obispo/restaurant/ox-anchor
1286,/us/en/california/paso-robles/restaurant/six-test-kitchen
1287,/us/en/california/los-alamos/restaurant/bell-s
1288,/us/en/california/solvang/restaurant/first-oak
1289,/us/en/california/santa-barbara/restaurant/mesa-verde
1290,/us/en/california/santa-barbara/restaurant/corazon-cocina
1291,/us/en/california/santa-barbara/restaurant/sama-sama-kitchen
1292,/us/en/california/santa-barbara/restaurant/yoichi’s
1293,/us/en/california/santa-barbara/restaurant/bibi-ji
1294,/us/en/california/santa-barbara/restaurant/barbareno
1295,/us/en/california/santa-barbara/restaurant/loquita
1296,/us/en/california/santa-barbara/restaurant/blackbird-564365
1297,/us/en/california/santa-barbara/restaurant/the-lark
1298,/us/en/california/santa-barbara/restaurant/los-agaves
1299,/us/en/california/santa-barbara/restaurant/bettina
1300,/us/en/california/santa-barbara/restaurant/sushi-bar-montecito
1301,/us/en/california/us-sacramento/restaurant/binchoyaki
1302,/us/en/california/us-sacramento/restaurant/camden-spit-larder
1303,/us/en/california/us-sacramento/restaurant/frank-fat’s
1304,/us/en/california/us-sacramento/restaurant/grange
1305,/us/en/california/montecito/restaurant/caruso-s
1306,/us/en/california/us-sacramento/restaurant/ella
1307,/us/en/california/us-sacramento/restaurant/beast-bounty
1308,/us/en/california/us-sacramento/restaurant/localis
1309,/us/en/california/us-sacramento/restaurant/zocalo
1310,/us/en/california/us-sacramento/restaurant/mulvaney’s-b-l
1311,/us/en/california/us-sacramento/restaurant/yue-huang
1312,/us/en/california/santa-barbara/restaurant/the-stonehouse
1313,/us/en/california/us-sacramento/restaurant/canon
1314,/us/en/california/us-sacramento/restaurant/allora
1315,/us/en/california/us-sacramento/restaurant/bacon-butter
1316,/us/en/california/us-sacramento/restaurant/the-kitchen-559371
1317,/us/en/california/roseville/restaurant/nixtaco
1318,/us/en/california/calabasas/restaurant/saddle-peak-lodge
1319,/us/en/california/rancho-palos-verdes/restaurant/mar-sel
1320,/us/en/california/woodland-hills/restaurant/the-brothers-sushi
1321,/us/en/california/santa-monica/restaurant/tumbi
1322,/us/en/california/santa-monica/restaurant/michael’s
1323,/us/en/california/santa-monica/restaurant/elephante
1324,/us/en/california/santa-monica/restaurant/the-lobster
1325,/us/en/california/santa-monica/restaurant/colapasta
1326,/us/en/california/santa-monica/restaurant/cassia
1327,/us/en/california/santa-monica/restaurant/chinois-on-main
1328,/us/en/california/santa-monica/restaurant/pasjoli
1329,/us/en/california/redondo-beach/restaurant/gabi-james
1330,/us/en/california/santa-monica/restaurant/melisse
1331,/us/en/california/santa-monica/restaurant/citrin
1332,/us/en/california/santa-monica/restaurant/rustic-canyon
1333,/us/en/california/venice/restaurant/plant-food-wine
1334,/us/en/california/venice/restaurant/felix-560031
1335,/us/en/california/us-los-angeles/restaurant/charcoal-venice
1336,/us/en/california/venice/restaurant/gjelina
1337,/us/en/california/manhattan-beach/restaurant/manhattan-beach-post
1338,/us/en/california/manhattan-beach/restaurant/fishing-with-dynamite
1339,/us/en/california/manhattan-beach/restaurant/the-arthur-j
1340,/us/en/california/manhattan-beach/restaurant/sushi-i-naba
1341,/us/en/california/manhattan-beach/restaurant/love-salt
1342,/us/en/california/hermosa-beach/restaurant/baran-s-2239
1343,/us/en/california/santa-monica/restaurant/fia
1344,/us/en/california/santa-monica/restaurant/milo-olive
1345,/us/en/california/santa-monica/restaurant/birdie-g-s
1346,/us/en/california/tarzana/restaurant/sushi-iki
1347,/us/en/california/santa-monica/restaurant/lunetta
1348,/us/en/california/us-los-angeles/restaurant/monte-alban
1349,/us/en/california/us-los-angeles/restaurant/pizzana
1350,/us/en/california/us-los-angeles/restaurant/baltaire
1351,/us/en/california/us-los-angeles/restaurant/mori-sushi
1352,/us/en/california/us-los-angeles/restaurant/killer-noodle
1353,/us/en/california/us-los-angeles/restaurant/kiriko
1354,/us/en/california/us-los-angeles/restaurant/hamasaku
1355,/us/en/california/us-los-angeles/restaurant/bull-butterfly
1356,/us/en/california/us-los-angeles/restaurant/ayara-thai-cuisine
1357,/us/en/california/encino/restaurant/shin-sushi
1358,/us/en/california/us-los-angeles/restaurant/shaherzad
1359,/us/en/california/us-los-angeles/restaurant/fellow
1360,/us/en/california/us-los-angeles/restaurant/flame
1361,/us/en/california/encino/restaurant/pasta-bar
1362,/us/en/california/us-los-angeles/restaurant/n-naka
1363,/us/en/california/culver-city/restaurant/mayura
1364,/us/en/california/us-los-angeles/restaurant/meizhou-dongpo
1365,/us/en/california/beverly-hills/restaurant/jean-georges-559420
1366,/us/en/california/bel-air/restaurant/shu-sushi-house-unico
1367,/us/en/california/sherman-oaks/restaurant/anajak-thai
1368,/us/en/california/beverly-hills/restaurant/tempura-endo
1369,/us/en/california/us-los-angeles/restaurant/ima-1191264
1370,/us/en/california/inglewood/restaurant/coni-seafood
1371,/us/en/california/us-los-angeles/restaurant/bicyclette-bistro
1372,/us/en/california/culver-city/restaurant/vespertine
1373,/us/en/california/us-los-angeles/restaurant/father’s-office
1374,/us/en/california/culver-city/restaurant/lukshon
1375,/us/en/california/culver-city/restaurant/destroyer
1376,/us/en/california/beverly-hills/restaurant/gucci-osteria-da-massimo-bottura-1190961
1377,/us/en/california/beverly-hills/restaurant/cut-559418
1378,/us/en/california/beverly-hills/restaurant/maude
1379,/us/en/california/beverly-hills/restaurant/mirame
